timeStamp,elapsed,label,responseCode,responseMessage,threadName,dataType,success,failureMessage,bytes,sentBytes,grpThreads,allThreads,URL,Latency,IdleTime,Connect
1597769881706,7980,Python CPU,,,,,true,,0,0,0,0,null,0,0,0
1597769882707,13563,Python CPU,,,,,true,,0,0,0,0,null,0,0,0
1597769883707,14180,Python CPU,,,,,true,,0,0,0,0,null,0,0,0
1597769884708,14145,Python CPU,,,,,true,,0,0,0,0,null,0,0,0
1597769885708,13574,Python CPU,,,,,true,,0,0,0,0,null,0,0,0
1597769886708,13496,Python CPU,,,,,true,,0,0,0,0,null,0,0,0
1597769887709,13759,Python CPU,,,,,true,,0,0,0,0,null,0,0,0
1597769888709,13316,Python CPU,,,,,true,,0,0,0,0,null,0,0,0
1597769889710,13586,Python CPU,,,,,true,,0,0,0,0,null,0,0,0
1597769890710,13275,Python CPU,,,,,true,,0,0,0,0,null,0,0,0
1597769891710,20672,Python CPU,,,,,true,,0,0,0,0,null,0,0,0
1597769892711,13759,Python CPU,,,,,true,,0,0,0,0,null,0,0,0
1597769893711,13831,Python CPU,,,,,true,,0,0,0,0,null,0,0,0
1597769894711,14002,Python CPU,,,,,true,,0,0,0,0,null,0,0,0
1597769895712,14056,Python CPU,,,,,true,,0,0,0,0,null,0,0,0
1597769896712,13118,Python CPU,,,,,true,,0,0,0,0,null,0,0,0
1597769897712,13686,Python CPU,,,,,true,,0,0,0,0,null,0,0,0
1597769898712,13440,Python CPU,,,,,true,,0,0,0,0,null,0,0,0
1597769899713,14039,Python CPU,,,,,true,,0,0,0,0,null,0,0,0
1597769900713,14462,Python CPU,,,,,true,,0,0,0,0,null,0,0,0
1597769901713,20253,Python CPU,,,,,true,,0,0,0,0,null,0,0,0
1597769902714,13349,Python CPU,,,,,true,,0,0,0,0,null,0,0,0
1597769903714,13151,Python CPU,,,,,true,,0,0,0,0,null,0,0,0
1597769904714,14056,Python CPU,,,,,true,,0,0,0,0,null,0,0,0
1597769905715,13184,Python CPU,,,,,true,,0,0,0,0,null,0,0,0
1597769906715,13092,Python CPU,,,,,true,,0,0,0,0,null,0,0,0
1597769907715,13473,Python CPU,,,,,true,,0,0,0,0,null,0,0,0
1597769908716,13059,Python CPU,,,,,true,,0,0,0,0,null,0,0,0
1597769909716,13316,Python CPU,,,,,true,,0,0,0,0,null,0,0,0
1597769910716,13382,Python CPU,,,,,true,,0,0,0,0,null,0,0,0
1597769911717,18693,Python CPU,,,,,true,,0,0,0,0,null,0,0,0
1597769912717,13027,Python CPU,,,,,true,,0,0,0,0,null,0,0,0
1597769913717,13316,Python CPU,,,,,true,,0,0,0,0,null,0,0,0
1597769914717,13913,Python CPU,,,,,true,,0,0,0,0,null,0,0,0
1597769915718,13209,Python CPU,,,,,true,,0,0,0,0,null,0,0,0
1597769916718,13193,Python CPU,,,,,true,,0,0,0,0,null,0,0,0
1597769917718,13771,Python CPU,,,,,true,,0,0,0,0,null,0,0,0
1597769918719,13466,Python CPU,,,,,true,,0,0,0,0,null,0,0,0
1597769919719,14022,Python CPU,,,,,true,,0,0,0,0,null,0,0,0
1597769920719,13506,Python CPU,,,,,true,,0,0,0,0,null,0,0,0
1597769921720,19948,Python CPU,,,,,true,,0,0,0,0,null,0,0,0
1597769922720,15061,Python CPU,,,,,true,,0,0,0,0,null,0,0,0
1597769923720,13597,Python CPU,,,,,true,,0,0,0,0,null,0,0,0
1597769924721,12887,Python CPU,,,,,true,,0,0,0,0,null,0,0,0
1597769925721,13737,Python CPU,,,,,true,,0,0,0,0,null,0,0,0
1597769926721,13209,Python CPU,,,,,true,,0,0,0,0,null,0,0,0
1597769927721,13075,Python CPU,,,,,true,,0,0,0,0,null,0,0,0
1597769928722,13118,Python CPU,,,,,true,,0,0,0,0,null,0,0,0
1597769929722,13092,Python CPU,,,,,true,,0,0,0,0,null,0,0,0
1597769930722,13440,Python CPU,,,,,true,,0,0,0,0,null,0,0,0
1597769931722,20000,Python CPU,,,,,true,,0,0,0,0,null,0,0,0
1597769932723,13530,Python CPU,,,,,true,,0,0,0,0,null,0,0,0
1597769933723,13016,Python CPU,,,,,true,,0,0,0,0,null,0,0,0
1597769934723,13490,Python CPU,,,,,true,,0,0,0,0,null,0,0,0
1597769935724,14002,Python CPU,,,,,true,,0,0,0,0,null,0,0,0
1597769936724,13102,Python CPU,,,,,true,,0,0,0,0,null,0,0,0
1597769937724,13546,Python CPU,,,,,true,,0,0,0,0,null,0,0,0
1597769938725,13349,Python CPU,,,,,true,,0,0,0,0,null,0,0,0
1597769939725,13242,Python CPU,,,,,true,,0,0,0,0,null,0,0,0
1597769940725,13161,Python CPU,,,,,true,,0,0,0,0,null,0,0,0
1597769941726,19132,Python CPU,,,,,true,,0,0,0,0,null,0,0,0
1597769942726,13308,Python CPU,,,,,true,,0,0,0,0,null,0,0,0
1597769943726,13151,Python CPU,,,,,true,,0,0,0,0,null,0,0,0
1597769944726,13586,Python CPU,,,,,true,,0,0,0,0,null,0,0,0
1597769945727,13043,Python CPU,,,,,true,,0,0,0,0,null,0,0,0
1597769946727,13151,Python CPU,,,,,true,,0,0,0,0,null,0,0,0
1597769947727,13591,Python CPU,,,,,true,,0,0,0,0,null,0,0,0
1597769948728,13399,Python CPU,,,,,true,,0,0,0,0,null,0,0,0
1597769949728,13341,Python CPU,,,,,true,,0,0,0,0,null,0,0,0
1597769950728,13574,Python CPU,,,,,true,,0,0,0,0,null,0,0,0
1597769951729,14833,Python CPU,,,,,true,,0,0,0,0,null,0,0,0
1597769952729,14713,Python CPU,,,,,true,,0,0,0,0,null,0,0,0
1597769953729,13563,Python CPU,,,,,true,,0,0,0,0,null,0,0,0
1597769954729,13200,Python CPU,,,,,true,,0,0,0,0,null,0,0,0
1597769955730,13416,Python CPU,,,,,true,,0,0,0,0,null,0,0,0
1597769956730,13686,Python CPU,,,,,true,,0,0,0,0,null,0,0,0
1597769957730,13382,Python CPU,,,,,true,,0,0,0,0,null,0,0,0
1597769958730,13016,Python CPU,,,,,true,,0,0,0,0,null,0,0,0
1597769959731,13235,Python CPU,,,,,true,,0,0,0,0,null,0,0,0
1597769960731,13006,Python CPU,,,,,true,,0,0,0,0,null,0,0,0
1597769961731,16878,Python CPU,,,,,true,,0,0,0,0,null,0,0,0
1597769962732,14800,Python CPU,,,,,true,,0,0,0,0,null,0,0,0
1597769963732,13258,Python CPU,,,,,true,,0,0,0,0,null,0,0,0
1597769964732,13200,Python CPU,,,,,true,,0,0,0,0,null,0,0,0
1597769965732,14268,Python CPU,,,,,true,,0,0,0,0,null,0,0,0
1597769966733,13686,Python CPU,,,,,true,,0,0,0,0,null,0,0,0
1597769967733,13216,Python CPU,,,,,true,,0,0,0,0,null,0,0,0
1597769968733,13308,Python CPU,,,,,true,,0,0,0,0,null,0,0,0
1597769969734,13375,Python CPU,,,,,true,,0,0,0,0,null,0,0,0
1597769970734,13540,Python CPU,,,,,true,,0,0,0,0,null,0,0,0
1597769971734,15108,Python CPU,,,,,true,,0,0,0,0,null,0,0,0
1597769972734,15743,Python CPU,,,,,true,,0,0,0,0,null,0,0,0
1597769973735,13167,Python CPU,,,,,true,,0,0,0,0,null,0,0,0
1597769974735,13965,Python CPU,,,,,true,,0,0,0,0,null,0,0,0
1597769975735,21624,Python CPU,,,,,true,,0,0,0,0,null,0,0,0
1597769976735,15975,Python CPU,,,,,true,,0,0,0,0,null,0,0,0
1597769977736,18888,Python CPU,,,,,true,,0,0,0,0,null,0,0,0
1597769978736,13200,Python CPU,,,,,true,,0,0,0,0,null,0,0,0
1597769979736,13308,Python CPU,,,,,true,,0,0,0,0,null,0,0,0
1597769980736,13810,Python CPU,,,,,true,,0,0,0,0,null,0,0,0
1597769981736,17452,Python CPU,,,,,true,,0,0,0,0,null,0,0,0
1597769982737,17237,Python CPU,,,,,true,,0,0,0,0,null,0,0,0
1597769983737,11572,Python CPU,,,,,true,,0,0,0,0,null,0,0,0
1597769984737,12967,Python CPU,,,,,true,,0,0,0,0,null,0,0,0
1597769985738,13831,Python CPU,,,,,true,,0,0,0,0,null,0,0,0
1597769986738,7920,Python CPU,,,,,true,,0,0,0,0,null,0,0,0
1597769987739,13266,Python CPU,,,,,true,,0,0,0,0,null,0,0,0
1597769988740,3500,Python CPU,,,,,true,,0,0,0,0,null,0,0,0
1597769989740,125,Python CPU,,,,,true,,0,0,0,0,null,0,0,0
1597769990740,250,Python CPU,,,,,true,,0,0,0,0,null,0,0,0
1597769991741,5974,Python CPU,,,,,true,,0,0,0,0,null,0,0,0
1597769992742,1445,Python CPU,,,,,true,,0,0,0,0,null,0,0,0
1597769993742,1380,Python CPU,,,,,true,,0,0,0,0,null,0,0,0
1597769881706,11994,Javascript CPU,,,,,true,,0,0,0,0,null,0,0,0
1597769882708,15679,Javascript CPU,,,,,true,,0,0,0,0,null,0,0,0
1597769883708,14606,Javascript CPU,,,,,true,,0,0,0,0,null,0,0,0
1597769884709,15262,Javascript CPU,,,,,true,,0,0,0,0,null,0,0,0
1597769885709,15147,Javascript CPU,,,,,true,,0,0,0,0,null,0,0,0
1597769886709,14440,Javascript CPU,,,,,true,,0,0,0,0,null,0,0,0
1597769887710,15114,Javascript CPU,,,,,true,,0,0,0,0,null,0,0,0
1597769888711,14580,Javascript CPU,,,,,true,,0,0,0,0,null,0,0,0
1597769889711,14233,Javascript CPU,,,,,true,,0,0,0,0,null,0,0,0
1597769890712,15298,Javascript CPU,,,,,true,,0,0,0,0,null,0,0,0
1597769891712,18541,Javascript CPU,,,,,true,,0,0,0,0,null,0,0,0
1597769892713,14868,Javascript CPU,,,,,true,,0,0,0,0,null,0,0,0
1597769893713,16187,Javascript CPU,,,,,true,,0,0,0,0,null,0,0,0
1597769894713,13990,Javascript CPU,,,,,true,,0,0,0,0,null,0,0,0
1597769895714,13936,Javascript CPU,,,,,true,,0,0,0,0,null,0,0,0
1597769896714,14787,Javascript CPU,,,,,true,,0,0,0,0,null,0,0,0
1597769897715,15301,Javascript CPU,,,,,true,,0,0,0,0,null,0,0,0
1597769898715,14097,Javascript CPU,,,,,true,,0,0,0,0,null,0,0,0
1597769899715,14077,Javascript CPU,,,,,true,,0,0,0,0,null,0,0,0
1597769900716,13751,Javascript CPU,,,,,true,,0,0,0,0,null,0,0,0
1597769901716,17970,Javascript CPU,,,,,true,,0,0,0,0,null,0,0,0
1597769902716,13718,Javascript CPU,,,,,true,,0,0,0,0,null,0,0,0
1597769903717,14952,Javascript CPU,,,,,true,,0,0,0,0,null,0,0,0
1597769904717,14026,Javascript CPU,,,,,true,,0,0,0,0,null,0,0,0
1597769905717,14628,Javascript CPU,,,,,true,,0,0,0,0,null,0,0,0
1597769906718,13945,Javascript CPU,,,,,true,,0,0,0,0,null,0,0,0
1597769907718,13956,Javascript CPU,,,,,true,,0,0,0,0,null,0,0,0
1597769908718,14097,Javascript CPU,,,,,true,,0,0,0,0,null,0,0,0
1597769909719,14982,Javascript CPU,,,,,true,,0,0,0,0,null,0,0,0
1597769910719,14302,Javascript CPU,,,,,true,,0,0,0,0,null,0,0,0
1597769911719,17796,Javascript CPU,,,,,true,,0,0,0,0,null,0,0,0
1597769912719,13242,Javascript CPU,,,,,true,,0,0,0,0,null,0,0,0
1597769913720,13325,Javascript CPU,,,,,true,,0,0,0,0,null,0,0,0
1597769914720,13708,Javascript CPU,,,,,true,,0,0,0,0,null,0,0,0
1597769915720,13730,Javascript CPU,,,,,true,,0,0,0,0,null,0,0,0
1597769916721,14145,Javascript CPU,,,,,true,,0,0,0,0,null,0,0,0
1597769917721,15875,Javascript CPU,,,,,true,,0,0,0,0,null,0,0,0
1597769918721,14460,Javascript CPU,,,,,true,,0,0,0,0,null,0,0,0
1597769919721,14004,Javascript CPU,,,,,true,,0,0,0,0,null,0,0,0
1597769920722,13899,Javascript CPU,,,,,true,,0,0,0,0,null,0,0,0
1597769921722,22249,Javascript CPU,,,,,true,,0,0,0,0,null,0,0,0
1597769922722,13908,Javascript CPU,,,,,true,,0,0,0,0,null,0,0,0
1597769923723,13301,Javascript CPU,,,,,true,,0,0,0,0,null,0,0,0
1597769924723,13936,Javascript CPU,,,,,true,,0,0,0,0,null,0,0,0
1597769925723,13751,Javascript CPU,,,,,true,,0,0,0,0,null,0,0,0
1597769926724,14198,Javascript CPU,,,,,true,,0,0,0,0,null,0,0,0
1597769927724,14060,Javascript CPU,,,,,true,,0,0,0,0,null,0,0,0
1597769928725,13742,Javascript CPU,,,,,true,,0,0,0,0,null,0,0,0
1597769929725,14107,Javascript CPU,,,,,true,,0,0,0,0,null,0,0,0
1597769930725,14215,Javascript CPU,,,,,true,,0,0,0,0,null,0,0,0
1597769931726,19846,Javascript CPU,,,,,true,,0,0,0,0,null,0,0,0
1597769932726,14565,Javascript CPU,,,,,true,,0,0,0,0,null,0,0,0
1597769933727,14687,Javascript CPU,,,,,true,,0,0,0,0,null,0,0,0
1597769934727,13691,Javascript CPU,,,,,true,,0,0,0,0,null,0,0,0
1597769935727,13575,Javascript CPU,,,,,true,,0,0,0,0,null,0,0,0
1597769936728,13822,Javascript CPU,,,,,true,,0,0,0,0,null,0,0,0
1597769937728,13349,Javascript CPU,,,,,true,,0,0,0,0,null,0,0,0
1597769938728,14545,Javascript CPU,,,,,true,,0,0,0,0,null,0,0,0
1597769939729,13882,Javascript CPU,,,,,true,,0,0,0,0,null,0,0,0
1597769940729,14547,Javascript CPU,,,,,true,,0,0,0,0,null,0,0,0
1597769941729,16543,Javascript CPU,,,,,true,,0,0,0,0,null,0,0,0
1597769942730,14570,Javascript CPU,,,,,true,,0,0,0,0,null,0,0,0
1597769943730,13607,Javascript CPU,,,,,true,,0,0,0,0,null,0,0,0
1597769944731,14425,Javascript CPU,,,,,true,,0,0,0,0,null,0,0,0
1597769945731,14338,Javascript CPU,,,,,true,,0,0,0,0,null,0,0,0
1597769946731,15375,Javascript CPU,,,,,true,,0,0,0,0,null,0,0,0
1597769947732,13696,Javascript CPU,,,,,true,,0,0,0,0,null,0,0,0
1597769948732,15815,Javascript CPU,,,,,true,,0,0,0,0,null,0,0,0
1597769949733,13520,Javascript CPU,,,,,true,,0,0,0,0,null,0,0,0
1597769950733,14130,Javascript CPU,,,,,true,,0,0,0,0,null,0,0,0
1597769951733,17348,Javascript CPU,,,,,true,,0,0,0,0,null,0,0,0
1597769952733,14039,Javascript CPU,,,,,true,,0,0,0,0,null,0,0,0
1597769953734,13885,Javascript CPU,,,,,true,,0,0,0,0,null,0,0,0
1597769954734,15024,Javascript CPU,,,,,true,,0,0,0,0,null,0,0,0
1597769955735,15254,Javascript CPU,,,,,true,,0,0,0,0,null,0,0,0
1597769956735,13822,Javascript CPU,,,,,true,,0,0,0,0,null,0,0,0
1597769957735,13530,Javascript CPU,,,,,true,,0,0,0,0,null,0,0,0
1597769958736,14425,Javascript CPU,,,,,true,,0,0,0,0,null,0,0,0
1597769959736,13292,Javascript CPU,,,,,true,,0,0,0,0,null,0,0,0
1597769960736,13848,Javascript CPU,,,,,true,,0,0,0,0,null,0,0,0
1597769961736,15121,Javascript CPU,,,,,true,,0,0,0,0,null,0,0,0
1597769962737,14146,Javascript CPU,,,,,true,,0,0,0,0,null,0,0,0
1597769963737,14390,Javascript CPU,,,,,true,,0,0,0,0,null,0,0,0
1597769964738,16707,Javascript CPU,,,,,true,,0,0,0,0,null,0,0,0
1597769965738,14903,Javascript CPU,,,,,true,,0,0,0,0,null,0,0,0
1597769966738,15450,Javascript CPU,,,,,true,,0,0,0,0,null,0,0,0
1597769967739,13463,Javascript CPU,,,,,true,,0,0,0,0,null,0,0,0
1597769968739,14113,Javascript CPU,,,,,true,,0,0,0,0,null,0,0,0
1597769969740,13493,Javascript CPU,,,,,true,,0,0,0,0,null,0,0,0
1597769970740,14110,Javascript CPU,,,,,true,,0,0,0,0,null,0,0,0
1597769971740,15679,Javascript CPU,,,,,true,,0,0,0,0,null,0,0,0
1597769972740,13831,Javascript CPU,,,,,true,,0,0,0,0,null,0,0,0
1597769973741,14022,Javascript CPU,,,,,true,,0,0,0,0,null,0,0,0
1597769974741,18827,Javascript CPU,,,,,true,,0,0,0,0,null,0,0,0
1597769975741,15384,Javascript CPU,,,,,true,,0,0,0,0,null,0,0,0
1597769976742,13763,Javascript CPU,,,,,true,,0,0,0,0,null,0,0,0
1597769977742,14111,Javascript CPU,,,,,true,,0,0,0,0,null,0,0,0
1597769978743,14950,Javascript CPU,,,,,true,,0,0,0,0,null,0,0,0
1597769979743,13725,Javascript CPU,,,,,true,,0,0,0,0,null,0,0,0
1597769980743,14723,Javascript CPU,,,,,true,,0,0,0,0,null,0,0,0
1597769981744,13170,Javascript CPU,,,,,true,,0,0,0,0,null,0,0,0
1597769982744,13913,Javascript CPU,,,,,true,,0,0,0,0,null,0,0,0
1597769983744,14460,Javascript CPU,,,,,true,,0,0,0,0,null,0,0,0
1597769984745,17142,Javascript CPU,,,,,true,,0,0,0,0,null,0,0,0
1597769985745,15558,Javascript CPU,,,,,true,,0,0,0,0,null,0,0,0
1597769986745,14389,Javascript CPU,,,,,true,,0,0,0,0,null,0,0,0
1597769987746,13681,Javascript CPU,,,,,true,,0,0,0,0,null,0,0,0
1597769881706,14900,Go CPU,,,,,true,,0,0,0,0,null,0,0,0
1597769882707,94035,Go CPU,,,,,true,,0,0,0,0,null,0,0,0
1597769883707,89102,Go CPU,,,,,true,,0,0,0,0,null,0,0,0
1597769884708,90012,Go CPU,,,,,true,,0,0,0,0,null,0,0,0
1597769885708,87657,Go CPU,,,,,true,,0,0,0,0,null,0,0,0
1597769886708,74937,Go CPU,,,,,true,,0,0,0,0,null,0,0,0
1597769887709,72020,Go CPU,,,,,true,,0,0,0,0,null,0,0,0
1597769888709,75219,Go CPU,,,,,true,,0,0,0,0,null,0,0,0
1597769889710,79434,Go CPU,,,,,true,,0,0,0,0,null,0,0,0
1597769890710,72158,Go CPU,,,,,true,,0,0,0,0,null,0,0,0
1597769891710,79460,Go CPU,,,,,true,,0,0,0,0,null,0,0,0
1597769892711,81307,Go CPU,,,,,true,,0,0,0,0,null,0,0,0
1597769893711,74385,Go CPU,,,,,true,,0,0,0,0,null,0,0,0
1597769894711,74744,Go CPU,,,,,true,,0,0,0,0,null,0,0,0
1597769895712,72668,Go CPU,,,,,true,,0,0,0,0,null,0,0,0
1597769896713,75411,Go CPU,,,,,true,,0,0,0,0,null,0,0,0
1597769897713,80283,Go CPU,,,,,true,,0,0,0,0,null,0,0,0
1597769898714,79262,Go CPU,,,,,true,,0,0,0,0,null,0,0,0
1597769899717,78471,Go CPU,,,,,true,,0,0,0,0,null,0,0,0
1597769900717,78980,Go CPU,,,,,true,,0,0,0,0,null,0,0,0
1597769901717,73670,Go CPU,,,,,true,,0,0,0,0,null,0,0,0
1597769902718,81049,Go CPU,,,,,true,,0,0,0,0,null,0,0,0
1597769903718,75749,Go CPU,,,,,true,,0,0,0,0,null,0,0,0
1597769904718,77820,Go CPU,,,,,true,,0,0,0,0,null,0,0,0
1597769905718,74454,Go CPU,,,,,true,,0,0,0,0,null,0,0,0
1597769906719,80076,Go CPU,,,,,true,,0,0,0,0,null,0,0,0
1597769907719,78451,Go CPU,,,,,true,,0,0,0,0,null,0,0,0
1597769908719,73862,Go CPU,,,,,true,,0,0,0,0,null,0,0,0
1597769909720,74234,Go CPU,,,,,true,,0,0,0,0,null,0,0,0
1597769910720,73453,Go CPU,,,,,true,,0,0,0,0,null,0,0,0
1597769911720,74478,Go CPU,,,,,true,,0,0,0,0,null,0,0,0
1597769912721,79870,Go CPU,,,,,true,,0,0,0,0,null,0,0,0
1597769913721,75544,Go CPU,,,,,true,,0,0,0,0,null,0,0,0
1597769914721,75128,Go CPU,,,,,true,,0,0,0,0,null,0,0,0
1597769915722,74587,Go CPU,,,,,true,,0,0,0,0,null,0,0,0
1597769916722,78288,Go CPU,,,,,true,,0,0,0,0,null,0,0,0
1597769917722,74935,Go CPU,,,,,true,,0,0,0,0,null,0,0,0
1597769918722,73180,Go CPU,,,,,true,,0,0,0,0,null,0,0,0
1597769919723,79617,Go CPU,,,,,true,,0,0,0,0,null,0,0,0
1597769920723,73142,Go CPU,,,,,true,,0,0,0,0,null,0,0,0
1597769921723,79087,Go CPU,,,,,true,,0,0,0,0,null,0,0,0
1597769922724,80404,Go CPU,,,,,true,,0,0,0,0,null,0,0,0
1597769923725,76983,Go CPU,,,,,true,,0,0,0,0,null,0,0,0
1597769924725,75126,Go CPU,,,,,true,,0,0,0,0,null,0,0,0
1597769925726,74559,Go CPU,,,,,true,,0,0,0,0,null,0,0,0
1597769926726,75692,Go CPU,,,,,true,,0,0,0,0,null,0,0,0
1597769927727,75438,Go CPU,,,,,true,,0,0,0,0,null,0,0,0
1597769928727,74807,Go CPU,,,,,true,,0,0,0,0,null,0,0,0
1597769929727,73609,Go CPU,,,,,true,,0,0,0,0,null,0,0,0
1597769930727,73341,Go CPU,,,,,true,,0,0,0,0,null,0,0,0
1597769931728,81095,Go CPU,,,,,true,,0,0,0,0,null,0,0,0
1597769932728,80562,Go CPU,,,,,true,,0,0,0,0,null,0,0,0
1597769933729,81518,Go CPU,,,,,true,,0,0,0,0,null,0,0,0
1597769934729,74418,Go CPU,,,,,true,,0,0,0,0,null,0,0,0
1597769935729,75095,Go CPU,,,,,true,,0,0,0,0,null,0,0,0
1597769936729,75127,Go CPU,,,,,true,,0,0,0,0,null,0,0,0
1597769937730,74653,Go CPU,,,,,true,,0,0,0,0,null,0,0,0
1597769938730,82857,Go CPU,,,,,true,,0,0,0,0,null,0,0,0
1597769939731,74007,Go CPU,,,,,true,,0,0,0,0,null,0,0,0
1597769940731,74807,Go CPU,,,,,true,,0,0,0,0,null,0,0,0
1597769941731,80661,Go CPU,,,,,true,,0,0,0,0,null,0,0,0
1597769942732,78036,Go CPU,,,,,true,,0,0,0,0,null,0,0,0
1597769943732,82547,Go CPU,,,,,true,,0,0,0,0,null,0,0,0
1597769944732,78635,Go CPU,,,,,true,,0,0,0,0,null,0,0,0
1597769945732,77435,Go CPU,,,,,true,,0,0,0,0,null,0,0,0
1597769946733,74617,Go CPU,,,,,true,,0,0,0,0,null,0,0,0
1597769947733,76824,Go CPU,,,,,true,,0,0,0,0,null,0,0,0
1597769948733,74904,Go CPU,,,,,true,,0,0,0,0,null,0,0,0
1597769949734,74522,Go CPU,,,,,true,,0,0,0,0,null,0,0,0
1597769950734,75549,Go CPU,,,,,true,,0,0,0,0,null,0,0,0
1597769951734,79769,Go CPU,,,,,true,,0,0,0,0,null,0,0,0
1597769952735,81679,Go CPU,,,,,true,,0,0,0,0,null,0,0,0
1597769953735,81001,Go CPU,,,,,true,,0,0,0,0,null,0,0,0
1597769954735,75128,Go CPU,,,,,true,,0,0,0,0,null,0,0,0
1597769955736,76544,Go CPU,,,,,true,,0,0,0,0,null,0,0,0
1597769956736,78772,Go CPU,,,,,true,,0,0,0,0,null,0,0,0
1597769957736,81736,Go CPU,,,,,true,,0,0,0,0,null,0,0,0
1597769958736,81001,Go CPU,,,,,true,,0,0,0,0,null,0,0,0
1597769959737,77806,Go CPU,,,,,true,,0,0,0,0,null,0,0,0
1597769960737,76470,Go CPU,,,,,true,,0,0,0,0,null,0,0,0
1597769961737,81362,Go CPU,,,,,true,,0,0,0,0,null,0,0,0
1597769962737,75870,Go CPU,,,,,true,,0,0,0,0,null,0,0,0
1597769963738,82586,Go CPU,,,,,true,,0,0,0,0,null,0,0,0
1597769964738,79177,Go CPU,,,,,true,,0,0,0,0,null,0,0,0
1597769965739,76863,Go CPU,,,,,true,,0,0,0,0,null,0,0,0
1597769966739,78017,Go CPU,,,,,true,,0,0,0,0,null,0,0,0
1597769967739,81362,Go CPU,,,,,true,,0,0,0,0,null,0,0,0
1597769968740,78205,Go CPU,,,,,true,,0,0,0,0,null,0,0,0
1597769969740,81306,Go CPU,,,,,true,,0,0,0,0,null,0,0,0
1597769970741,82736,Go CPU,,,,,true,,0,0,0,0,null,0,0,0
1597769971741,78288,Go CPU,,,,,true,,0,0,0,0,null,0,0,0
1597769972741,80620,Go CPU,,,,,true,,0,0,0,0,null,0,0,0
1597769973742,81690,Go CPU,,,,,true,,0,0,0,0,null,0,0,0
1597769974742,82074,Go CPU,,,,,true,,0,0,0,0,null,0,0,0
1597769975742,80808,Go CPU,,,,,true,,0,0,0,0,null,0,0,0
1597769976742,78644,Go CPU,,,,,true,,0,0,0,0,null,0,0,0
1597769977743,80989,Go CPU,,,,,true,,0,0,0,0,null,0,0,0
1597769978743,77564,Go CPU,,,,,true,,0,0,0,0,null,0,0,0
1597769979744,74678,Go CPU,,,,,true,,0,0,0,0,null,0,0,0
